-- STZM_TRN_CODE (Transaction Codes — Reference)
INSERT INTO abfcubslive.STZM_TRN_CODE (TRN_CODE, TRN_DESC, RECORD_STAT, AUTH_STAT) VALUES ('001', 'Cash Deposit', 'O', 'A');
INSERT INTO abfcubslive.STZM_TRN_CODE (TRN_CODE, TRN_DESC, RECORD_STAT, AUTH_STAT) VALUES ('002', 'Cash Withdrawal', 'O', 'A');
INSERT INTO abfcubslive.STZM_TRN_CODE (TRN_CODE, TRN_DESC, RECORD_STAT, AUTH_STAT) VALUES ('003', 'Cheque Deposit', 'O', 'A');
INSERT INTO abfcubslive.STZM_TRN_CODE (TRN_CODE, TRN_DESC, RECORD_STAT, AUTH_STAT) VALUES ('009', 'Funds Transfer', 'O', 'A');
INSERT INTO abfcubslive.STZM_TRN_CODE (TRN_CODE, TRN_DESC, RECORD_STAT, AUTH_STAT) VALUES ('010', 'Standing Order', 'O', 'A');
INSERT INTO abfcubslive.STZM_TRN_CODE (TRN_CODE, TRN_DESC, RECORD_STAT, AUTH_STAT) VALUES ('100', 'Account Transfer', 'O', 'A');
INSERT INTO abfcubslive.STZM_TRN_CODE (TRN_CODE, TRN_DESC, RECORD_STAT, AUTH_STAT) VALUES ('501', 'Interest Credit', 'O', 'A');
INSERT INTO abfcubslive.STZM_TRN_CODE (TRN_CODE, TRN_DESC, RECORD_STAT, AUTH_STAT) VALUES ('510', 'Interest Debit', 'O', 'A');
INSERT INTO abfcubslive.STZM_TRN_CODE (TRN_CODE, TRN_DESC, RECORD_STAT, AUTH_STAT) VALUES ('560', 'Account Maintenance Fee', 'O', 'A');
INSERT INTO abfcubslive.STZM_TRN_CODE (TRN_CODE, TRN_DESC, RECORD_STAT, AUTH_STAT) VALUES ('900', 'ATM Withdrawal', 'O', 'A');
INSERT INTO abfcubslive.STZM_TRN_CODE (TRN_CODE, TRN_DESC, RECORD_STAT, AUTH_STAT) VALUES ('910', 'POS Purchase', 'O', 'A');
INSERT INTO abfcubslive.STZM_TRN_CODE (TRN_CODE, TRN_DESC, RECORD_STAT, AUTH_STAT) VALUES ('920', 'Web Purchase', 'O', 'A');
INSERT INTO abfcubslive.STZM_TRN_CODE (TRN_CODE, TRN_DESC, RECORD_STAT, AUTH_STAT) VALUES ('950', 'USSD Transfer', 'O', 'A');
INSERT INTO abfcubslive.STZM_TRN_CODE (TRN_CODE, TRN_DESC, RECORD_STAT, AUTH_STAT) VALUES ('960', 'Mobile App Transfer', 'O', 'A');
INSERT INTO abfcubslive.STZM_TRN_CODE (TRN_CODE, TRN_DESC, RECORD_STAT, AUTH_STAT) VALUES ('970', 'Salary Credit', 'O', 'A');


-- NIPX_BANKS (Nigerian Bank Directory)
INSERT INTO nipsystem.NIPX_BANKS (CODE, BANK_NAME, CBN_CODE) VALUES ('000014', 'Access Bank Plc', '00000149');
INSERT INTO nipsystem.NIPX_BANKS (CODE, BANK_NAME, CBN_CODE) VALUES ('000016', 'Zenith Bank Plc', '00000169');
INSERT INTO nipsystem.NIPX_BANKS (CODE, BANK_NAME, CBN_CODE) VALUES ('000004', 'United Bank for Africa', '00000049');
INSERT INTO nipsystem.NIPX_BANKS (CODE, BANK_NAME, CBN_CODE) VALUES ('000007', 'Fidelity Bank Plc', '00000079');
INSERT INTO nipsystem.NIPX_BANKS (CODE, BANK_NAME, CBN_CODE) VALUES ('000013', 'GTBank Plc', '00000139');
INSERT INTO nipsystem.NIPX_BANKS (CODE, BANK_NAME, CBN_CODE) VALUES ('000011', 'First Bank of Nigeria', '00000119');
INSERT INTO nipsystem.NIPX_BANKS (CODE, BANK_NAME, CBN_CODE) VALUES ('000033', 'Stanbic IBTC Bank', '00000339');
INSERT INTO nipsystem.NIPX_BANKS (CODE, BANK_NAME, CBN_CODE) VALUES ('000010', 'Ecobank Nigeria', '00000109');
INSERT INTO nipsystem.NIPX_BANKS (CODE, BANK_NAME, CBN_CODE) VALUES ('000023', 'Citibank Nigeria', '00000239');
INSERT INTO nipsystem.NIPX_BANKS (CODE, BANK_NAME, CBN_CODE) VALUES ('000032', 'Union Bank of Nigeria', '00000329');
INSERT INTO nipsystem.NIPX_BANKS (CODE, BANK_NAME, CBN_CODE) VALUES ('000035', 'Wema Bank Plc', '00000359');
INSERT INTO nipsystem.NIPX_BANKS (CODE, BANK_NAME, CBN_CODE) VALUES ('000039', 'Keystone Bank', '00000399');
INSERT INTO nipsystem.NIPX_BANKS (CODE, BANK_NAME, CBN_CODE) VALUES ('000050', 'Polaris Bank', '00000509');
INSERT INTO nipsystem.NIPX_BANKS (CODE, BANK_NAME, CBN_CODE) VALUES ('000058', 'Sterling Bank', '00000589');
INSERT INTO nipsystem.NIPX_BANKS (CODE, BANK_NAME, CBN_CODE) VALUES ('000215', 'Unity Bank Plc', '00002159');
INSERT INTO nipsystem.NIPX_BANKS (CODE, BANK_NAME, CBN_CODE) VALUES ('000221', 'FCMB Plc', '00002219');
INSERT INTO nipsystem.NIPX_BANKS (CODE, BANK_NAME, CBN_CODE) VALUES ('090405', 'Moniepoint MFB', '09040509');
INSERT INTO nipsystem.NIPX_BANKS (CODE, BANK_NAME, CBN_CODE) VALUES ('090267', 'Kuda MFB', '09026709');
INSERT INTO nipsystem.NIPX_BANKS (CODE, BANK_NAME, CBN_CODE) VALUES ('100033', 'OPay', '10003309');
INSERT INTO nipsystem.NIPX_BANKS (CODE, BANK_NAME, CBN_CODE) VALUES ('100026', 'PalmPay', '10002609');


-- CSTM_PRODUCT_INTERFACE_MAPPING (Product Classification)
INSERT INTO webserve.CSTM_PRODUCT_INTERFACE_MAPPING (PRODUCT_CODE, PRODUCT_GROUP) VALUES ('RTFT', 'INTERBANK');
INSERT INTO webserve.CSTM_PRODUCT_INTERFACE_MAPPING (PRODUCT_CODE, PRODUCT_GROUP) VALUES ('RTNP', 'INTERBANK');
INSERT INTO webserve.CSTM_PRODUCT_INTERFACE_MAPPING (PRODUCT_CODE, PRODUCT_GROUP) VALUES ('RTIN', 'INTERBANK');
INSERT INTO webserve.CSTM_PRODUCT_INTERFACE_MAPPING (PRODUCT_CODE, PRODUCT_GROUP) VALUES ('RTIB', 'INTRABANK');
INSERT INTO webserve.CSTM_PRODUCT_INTERFACE_MAPPING (PRODUCT_CODE, PRODUCT_GROUP) VALUES ('RTAT', 'INTRABANK');
INSERT INTO webserve.CSTM_PRODUCT_INTERFACE_MAPPING (PRODUCT_CODE, PRODUCT_GROUP) VALUES ('RTMO', 'INTRABANK');
INSERT INTO webserve.CSTM_PRODUCT_INTERFACE_MAPPING (PRODUCT_CODE, PRODUCT_GROUP) VALUES ('RTUS', 'INTRABANK');


-- STZM_CUSTOMER (10 Customers)
INSERT INTO abfcubslive.STZM_CUSTOMER (CUSTOMER_NO, CUSTOMER_TYPE, CUSTOMER_NAME1, SHORT_NAME, FULL_NAME, NATIONALITY, COUNTRY, LOCAL_BRANCH, FROZEN, DECEASED, RECORD_STAT, AUTH_STAT, CIF_CREATION_DATE)
VALUES ('100001', 'I', 'Adebayo Ogunlesi', 'OGUNLESI', 'Adebayo Ogunlesi', 'NG', 'NG', '001', 'N', 'N', 'O', 'A', DATE '2020-01-15');

INSERT INTO abfcubslive.STZM_CUSTOMER (CUSTOMER_NO, CUSTOMER_TYPE, CUSTOMER_NAME1, SHORT_NAME, FULL_NAME, NATIONALITY, COUNTRY, LOCAL_BRANCH, FROZEN, DECEASED, RECORD_STAT, AUTH_STAT, CIF_CREATION_DATE)
VALUES ('100002', 'I', 'Chioma Nwosu', 'NWOSU', 'Chioma Ada Nwosu', 'NG', 'NG', '002', 'N', 'N', 'O', 'A', DATE '2021-03-22');

INSERT INTO abfcubslive.STZM_CUSTOMER (CUSTOMER_NO, CUSTOMER_TYPE, CUSTOMER_NAME1, SHORT_NAME, FULL_NAME, NATIONALITY, COUNTRY, LOCAL_BRANCH, FROZEN, DECEASED, RECORD_STAT, AUTH_STAT, CIF_CREATION_DATE)
VALUES ('100003', 'I', 'Emeka Obiora', 'OBIORA', 'Emeka Chukwuemeka Obiora', 'NG', 'NG', '003', 'N', 'N', 'O', 'A', DATE '2019-08-10');

INSERT INTO abfcubslive.STZM_CUSTOMER (CUSTOMER_NO, CUSTOMER_TYPE, CUSTOMER_NAME1, SHORT_NAME, FULL_NAME, NATIONALITY, COUNTRY, LOCAL_BRANCH, FROZEN, DECEASED, RECORD_STAT, AUTH_STAT, CIF_CREATION_DATE)
VALUES ('100004', 'I', 'Funke Akindele', 'AKINDELE', 'Funke Adeola Akindele', 'NG', 'NG', '001', 'N', 'N', 'O', 'A', DATE '2022-01-05');

INSERT INTO abfcubslive.STZM_CUSTOMER (CUSTOMER_NO, CUSTOMER_TYPE, CUSTOMER_NAME1, SHORT_NAME, FULL_NAME, NATIONALITY, COUNTRY, LOCAL_BRANCH, FROZEN, DECEASED, RECORD_STAT, AUTH_STAT, CIF_CREATION_DATE)
VALUES ('100005', 'I', 'Ibrahim Musa', 'MUSA', 'Ibrahim Aliyu Musa', 'NG', 'NG', '002', 'N', 'N', 'O', 'A', DATE '2020-11-18');

INSERT INTO abfcubslive.STZM_CUSTOMER (CUSTOMER_NO, CUSTOMER_TYPE, CUSTOMER_NAME1, SHORT_NAME, FULL_NAME, NATIONALITY, COUNTRY, LOCAL_BRANCH, FROZEN, DECEASED, RECORD_STAT, AUTH_STAT, CIF_CREATION_DATE)
VALUES ('100006', 'I', 'Ngozi Okafor', 'OKAFOR', 'Ngozi Blessing Okafor', 'NG', 'NG', '003', 'N', 'N', 'O', 'A', DATE '2021-07-30');

INSERT INTO abfcubslive.STZM_CUSTOMER (CUSTOMER_NO, CUSTOMER_TYPE, CUSTOMER_NAME1, SHORT_NAME, FULL_NAME, NATIONALITY, COUNTRY, LOCAL_BRANCH, FROZEN, DECEASED, RECORD_STAT, AUTH_STAT, CIF_CREATION_DATE)
VALUES ('100007', 'I', 'Tunde Bakare', 'BAKARE', 'Tunde Olalekan Bakare', 'NG', 'NG', '001', 'N', 'N', 'O', 'A', DATE '2023-02-14');

INSERT INTO abfcubslive.STZM_CUSTOMER (CUSTOMER_NO, CUSTOMER_TYPE, CUSTOMER_NAME1, SHORT_NAME, FULL_NAME, NATIONALITY, COUNTRY, LOCAL_BRANCH, FROZEN, DECEASED, RECORD_STAT, AUTH_STAT, CIF_CREATION_DATE)
VALUES ('100008', 'I', 'Amina Yusuf', 'YUSUF', 'Amina Hadiza Yusuf', 'NG', 'NG', '002', 'N', 'N', 'O', 'A', DATE '2019-12-01');

INSERT INTO abfcubslive.STZM_CUSTOMER (CUSTOMER_NO, CUSTOMER_TYPE, CUSTOMER_NAME1, SHORT_NAME, FULL_NAME, NATIONALITY, COUNTRY, LOCAL_BRANCH, FROZEN, DECEASED, RECORD_STAT, AUTH_STAT, CIF_CREATION_DATE)
VALUES ('100009', 'I', 'Olumide Adeyemi', 'ADEYEMI', 'Olumide Kunle Adeyemi', 'NG', 'NG', '003', 'N', 'N', 'O', 'A', DATE '2022-09-15');

INSERT INTO abfcubslive.STZM_CUSTOMER (CUSTOMER_NO, CUSTOMER_TYPE, CUSTOMER_NAME1, SHORT_NAME, FULL_NAME, NATIONALITY, COUNTRY, LOCAL_BRANCH, FROZEN, DECEASED, RECORD_STAT, AUTH_STAT, CIF_CREATION_DATE)
VALUES ('100010', 'I', 'Blessing Eze', 'EZE', 'Blessing Chidinma Eze', 'NG', 'NG', '001', 'N', 'N', 'O', 'A', DATE '2023-06-20');

-- STZM_CUST_ACCOUNT (10 Savings Accounts)
INSERT INTO abfcubslive.STZM_CUST_ACCOUNT (BRANCH_CODE, CUST_AC_NO, AC_DESC, CUST_NO, CCY, ACCOUNT_CLASS, RECORD_STAT, AUTH_STAT, AC_OPEN_DATE, ACY_CURR_BALANCE)
VALUES ('001', '0011234501', 'Adebayo Ogunlesi Savings', '100001', 'NGN', '010003', 'O', 'A', DATE '2020-01-15', 2500000);

INSERT INTO abfcubslive.STZM_CUST_ACCOUNT (BRANCH_CODE, CUST_AC_NO, AC_DESC, CUST_NO, CCY, ACCOUNT_CLASS, RECORD_STAT, AUTH_STAT, AC_OPEN_DATE, ACY_CURR_BALANCE)
VALUES ('002', '0021234502', 'Chioma Nwosu Savings', '100002', 'NGN', '010003', 'O', 'A', DATE '2021-03-22', 875000);

INSERT INTO abfcubslive.STZM_CUST_ACCOUNT (BRANCH_CODE, CUST_AC_NO, AC_DESC, CUST_NO, CCY, ACCOUNT_CLASS, RECORD_STAT, AUTH_STAT, AC_OPEN_DATE, ACY_CURR_BALANCE)
VALUES ('003', '0031234503', 'Emeka Obiora Savings', '100003', 'NGN', '010003', 'O', 'A', DATE '2019-08-10', 4200000);

INSERT INTO abfcubslive.STZM_CUST_ACCOUNT (BRANCH_CODE, CUST_AC_NO, AC_DESC, CUST_NO, CCY, ACCOUNT_CLASS, RECORD_STAT, AUTH_STAT, AC_OPEN_DATE, ACY_CURR_BALANCE)
VALUES ('001', '0011234504', 'Funke Akindele Savings', '100004', 'NGN', '010003', 'O', 'A', DATE '2022-01-05', 150000);

INSERT INTO abfcubslive.STZM_CUST_ACCOUNT (BRANCH_CODE, CUST_AC_NO, AC_DESC, CUST_NO, CCY, ACCOUNT_CLASS, RECORD_STAT, AUTH_STAT, AC_OPEN_DATE, ACY_CURR_BALANCE)
VALUES ('002', '0021234505', 'Ibrahim Musa Savings', '100005', 'NGN', '010003', 'O', 'A', DATE '2020-11-18', 3100000);

INSERT INTO abfcubslive.STZM_CUST_ACCOUNT (BRANCH_CODE, CUST_AC_NO, AC_DESC, CUST_NO, CCY, ACCOUNT_CLASS, RECORD_STAT, AUTH_STAT, AC_OPEN_DATE, ACY_CURR_BALANCE)
VALUES ('003', '0031234506', 'Ngozi Okafor Savings', '100006', 'NGN', '010003', 'O', 'A', DATE '2021-07-30', 520000);

INSERT INTO abfcubslive.STZM_CUST_ACCOUNT (BRANCH_CODE, CUST_AC_NO, AC_DESC, CUST_NO, CCY, ACCOUNT_CLASS, RECORD_STAT, AUTH_STAT, AC_OPEN_DATE, ACY_CURR_BALANCE)
VALUES ('001', '0011234507', 'Tunde Bakare Savings', '100007', 'NGN', '010003', 'O', 'A', DATE '2023-02-14', 1800000);

INSERT INTO abfcubslive.STZM_CUST_ACCOUNT (BRANCH_CODE, CUST_AC_NO, AC_DESC, CUST_NO, CCY, ACCOUNT_CLASS, RECORD_STAT, AUTH_STAT, AC_OPEN_DATE, ACY_CURR_BALANCE)
VALUES ('002', '0021234508', 'Amina Yusuf Savings', '100008', 'NGN', '010003', 'O', 'A', DATE '2019-12-01', 6750000);

INSERT INTO abfcubslive.STZM_CUST_ACCOUNT (BRANCH_CODE, CUST_AC_NO, AC_DESC, CUST_NO, CCY, ACCOUNT_CLASS, RECORD_STAT, AUTH_STAT, AC_OPEN_DATE, ACY_CURR_BALANCE)
VALUES ('003', '0031234509', 'Olumide Adeyemi Savings', '100009', 'NGN', '010003', 'O', 'A', DATE '2022-09-15', 430000);

INSERT INTO abfcubslive.STZM_CUST_ACCOUNT (BRANCH_CODE, CUST_AC_NO, AC_DESC, CUST_NO, CCY, ACCOUNT_CLASS, RECORD_STAT, AUTH_STAT, AC_OPEN_DATE, ACY_CURR_BALANCE)
VALUES ('001', '0011234510', 'Blessing Eze Savings', '100010', 'NGN', '010003', 'O', 'A', DATE '2023-06-20', 290000);

