-- STZM_TRN_CODE (Transaction Codes — Reference)
INSERT INTO abfcubslive.STZM_TRN_CODE (TRN_CODE, TRN_DESC, RECORD_STAT, AUTH_STAT) VALUES ('001', 'Cash Deposit', 'O', 'A');
INSERT INTO abfcubslive.STZM_TRN_CODE (TRN_CODE, TRN_DESC, RECORD_STAT, AUTH_STAT) VALUES ('002', 'Cash Withdrawal', 'O', 'A');
INSERT INTO abfcubslive.STZM_TRN_CODE (TRN_CODE, TRN_DESC, RECORD_STAT, AUTH_STAT) VALUES ('003', 'Cheque Deposit', 'O', 'A');
INSERT INTO abfcubslive.STZM_TRN_CODE (TRN_CODE, TRN_DESC, RECORD_STAT, AUTH_STAT) VALUES ('009', 'Funds Transfer', 'O', 'A');
INSERT INTO abfcubslive.STZM_TRN_CODE (TRN_CODE, TRN_DESC, RECORD_STAT, AUTH_STAT) VALUES ('010', 'Standing Order', 'O', 'A');
INSERT INTO abfcubslive.STZM_TRN_CODE (TRN_CODE, TRN_DESC, RECORD_STAT, AUTH_STAT) VALUES ('100', 'Account Transfer', 'O', 'A');
INSERT INTO abfcubslive.STZM_TRN_CODE (TRN_CODE, TRN_DESC, RECORD_STAT, AUTH_STAT) VALUES ('501', 'Interest Credit', 'O', 'A');
INSERT INTO abfcubslive.STZM_TRN_CODE (TRN_CODE, TRN_DESC, RECORD_STAT, AUTH_STAT) VALUES ('510', 'Interest Debit', 'O', 'A');
INSERT INTO abfcubslive.STZM_TRN_CODE (TRN_CODE, TRN_DESC, RECORD_STAT, AUTH_STAT) VALUES ('560', 'Account Maintenance Fee', 'O', 'A');
INSERT INTO abfcubslive.STZM_TRN_CODE (TRN_CODE, TRN_DESC, RECORD_STAT, AUTH_STAT) VALUES ('900', 'ATM Withdrawal', 'O', 'A');
INSERT INTO abfcubslive.STZM_TRN_CODE (TRN_CODE, TRN_DESC, RECORD_STAT, AUTH_STAT) VALUES ('910', 'POS Purchase', 'O', 'A');
INSERT INTO abfcubslive.STZM_TRN_CODE (TRN_CODE, TRN_DESC, RECORD_STAT, AUTH_STAT) VALUES ('920', 'Web Purchase', 'O', 'A');
INSERT INTO abfcubslive.STZM_TRN_CODE (TRN_CODE, TRN_DESC, RECORD_STAT, AUTH_STAT) VALUES ('950', 'USSD Transfer', 'O', 'A');
INSERT INTO abfcubslive.STZM_TRN_CODE (TRN_CODE, TRN_DESC, RECORD_STAT, AUTH_STAT) VALUES ('960', 'Mobile App Transfer', 'O', 'A');
INSERT INTO abfcubslive.STZM_TRN_CODE (TRN_CODE, TRN_DESC, RECORD_STAT, AUTH_STAT) VALUES ('970', 'Salary Credit', 'O', 'A');


-- NIPX_BANKS (Nigerian Bank Directory)
INSERT INTO nipsystem.NIPX_BANKS (CODE, BANK_NAME, CBN_CODE) VALUES ('000014', 'Access Bank Plc', '00000149');
INSERT INTO nipsystem.NIPX_BANKS (CODE, BANK_NAME, CBN_CODE) VALUES ('000016', 'Zenith Bank Plc', '00000169');
INSERT INTO nipsystem.NIPX_BANKS (CODE, BANK_NAME, CBN_CODE) VALUES ('000004', 'United Bank for Africa', '00000049');
INSERT INTO nipsystem.NIPX_BANKS (CODE, BANK_NAME, CBN_CODE) VALUES ('000007', 'Fidelity Bank Plc', '00000079');
INSERT INTO nipsystem.NIPX_BANKS (CODE, BANK_NAME, CBN_CODE) VALUES ('000013', 'GTBank Plc', '00000139');
INSERT INTO nipsystem.NIPX_BANKS (CODE, BANK_NAME, CBN_CODE) VALUES ('000011', 'First Bank of Nigeria', '00000119');
INSERT INTO nipsystem.NIPX_BANKS (CODE, BANK_NAME, CBN_CODE) VALUES ('000033', 'Stanbic IBTC Bank', '00000339');
INSERT INTO nipsystem.NIPX_BANKS (CODE, BANK_NAME, CBN_CODE) VALUES ('000010', 'Ecobank Nigeria', '00000109');
INSERT INTO nipsystem.NIPX_BANKS (CODE, BANK_NAME, CBN_CODE) VALUES ('000023', 'Citibank Nigeria', '00000239');
INSERT INTO nipsystem.NIPX_BANKS (CODE, BANK_NAME, CBN_CODE) VALUES ('000032', 'Union Bank of Nigeria', '00000329');
INSERT INTO nipsystem.NIPX_BANKS (CODE, BANK_NAME, CBN_CODE) VALUES ('000035', 'Wema Bank Plc', '00000359');
INSERT INTO nipsystem.NIPX_BANKS (CODE, BANK_NAME, CBN_CODE) VALUES ('000039', 'Keystone Bank', '00000399');
INSERT INTO nipsystem.NIPX_BANKS (CODE, BANK_NAME, CBN_CODE) VALUES ('000050', 'Polaris Bank', '00000509');
INSERT INTO nipsystem.NIPX_BANKS (CODE, BANK_NAME, CBN_CODE) VALUES ('000058', 'Sterling Bank', '00000589');
INSERT INTO nipsystem.NIPX_BANKS (CODE, BANK_NAME, CBN_CODE) VALUES ('000215', 'Unity Bank Plc', '00002159');
INSERT INTO nipsystem.NIPX_BANKS (CODE, BANK_NAME, CBN_CODE) VALUES ('000221', 'FCMB Plc', '00002219');
INSERT INTO nipsystem.NIPX_BANKS (CODE, BANK_NAME, CBN_CODE) VALUES ('090405', 'Moniepoint MFB', '09040509');
INSERT INTO nipsystem.NIPX_BANKS (CODE, BANK_NAME, CBN_CODE) VALUES ('090267', 'Kuda MFB', '09026709');
INSERT INTO nipsystem.NIPX_BANKS (CODE, BANK_NAME, CBN_CODE) VALUES ('100033', 'OPay', '10003309');
INSERT INTO nipsystem.NIPX_BANKS (CODE, BANK_NAME, CBN_CODE) VALUES ('100026', 'PalmPay', '10002609');


-- CSTM_PRODUCT_INTERFACE_MAPPING (Product Classification)
INSERT INTO webserve.CSTM_PRODUCT_INTERFACE_MAPPING (PRODUCT_CODE, PRODUCT_GROUP) VALUES ('RTFT', 'INTERBANK');
INSERT INTO webserve.CSTM_PRODUCT_INTERFACE_MAPPING (PRODUCT_CODE, PRODUCT_GROUP) VALUES ('RTNP', 'INTERBANK');
INSERT INTO webserve.CSTM_PRODUCT_INTERFACE_MAPPING (PRODUCT_CODE, PRODUCT_GROUP) VALUES ('RTIN', 'INTERBANK');
INSERT INTO webserve.CSTM_PRODUCT_INTERFACE_MAPPING (PRODUCT_CODE, PRODUCT_GROUP) VALUES ('RTIB', 'INTRABANK');
INSERT INTO webserve.CSTM_PRODUCT_INTERFACE_MAPPING (PRODUCT_CODE, PRODUCT_GROUP) VALUES ('RTAT', 'INTRABANK');
INSERT INTO webserve.CSTM_PRODUCT_INTERFACE_MAPPING (PRODUCT_CODE, PRODUCT_GROUP) VALUES ('RTMO', 'INTRABANK');
INSERT INTO webserve.CSTM_PRODUCT_INTERFACE_MAPPING (PRODUCT_CODE, PRODUCT_GROUP) VALUES ('RTUS', 'INTRABANK');


-- STZM_CUSTOMER (10 Customers)
INSERT INTO abfcubslive.STZM_CUSTOMER (CUSTOMER_NO, CUSTOMER_TYPE, CUSTOMER_NAME1, SHORT_NAME, FULL_NAME, NATIONALITY, COUNTRY, LOCAL_BRANCH, FROZEN, DECEASED, RECORD_STAT, AUTH_STAT, CIF_CREATION_DATE)
VALUES ('100001', 'I', 'Adebayo Ogunlesi', 'OGUNLESI', 'Adebayo Ogunlesi', 'NG', 'NG', '001', 'N', 'N', 'O', 'A', DATE '2020-01-15');

INSERT INTO abfcubslive.STZM_CUSTOMER (CUSTOMER_NO, CUSTOMER_TYPE, CUSTOMER_NAME1, SHORT_NAME, FULL_NAME, NATIONALITY, COUNTRY, LOCAL_BRANCH, FROZEN, DECEASED, RECORD_STAT, AUTH_STAT, CIF_CREATION_DATE)
VALUES ('100002', 'I', 'Chioma Nwosu', 'NWOSU', 'Chioma Ada Nwosu', 'NG', 'NG', '002', 'N', 'N', 'O', 'A', DATE '2021-03-22');

INSERT INTO abfcubslive.STZM_CUSTOMER (CUSTOMER_NO, CUSTOMER_TYPE, CUSTOMER_NAME1, SHORT_NAME, FULL_NAME, NATIONALITY, COUNTRY, LOCAL_BRANCH, FROZEN, DECEASED, RECORD_STAT, AUTH_STAT, CIF_CREATION_DATE)
VALUES ('100003', 'I', 'Emeka Obiora', 'OBIORA', 'Emeka Chukwuemeka Obiora', 'NG', 'NG', '003', 'N', 'N', 'O', 'A', DATE '2019-08-10');

INSERT INTO abfcubslive.STZM_CUSTOMER (CUSTOMER_NO, CUSTOMER_TYPE, CUSTOMER_NAME1, SHORT_NAME, FULL_NAME, NATIONALITY, COUNTRY, LOCAL_BRANCH, FROZEN, DECEASED, RECORD_STAT, AUTH_STAT, CIF_CREATION_DATE)
VALUES ('100004', 'I', 'Funke Akindele', 'AKINDELE', 'Funke Adeola Akindele', 'NG', 'NG', '001', 'N', 'N', 'O', 'A', DATE '2022-01-05');

INSERT INTO abfcubslive.STZM_CUSTOMER (CUSTOMER_NO, CUSTOMER_TYPE, CUSTOMER_NAME1, SHORT_NAME, FULL_NAME, NATIONALITY, COUNTRY, LOCAL_BRANCH, FROZEN, DECEASED, RECORD_STAT, AUTH_STAT, CIF_CREATION_DATE)
VALUES ('100005', 'I', 'Ibrahim Musa', 'MUSA', 'Ibrahim Aliyu Musa', 'NG', 'NG', '002', 'N', 'N', 'O', 'A', DATE '2020-11-18');

INSERT INTO abfcubslive.STZM_CUSTOMER (CUSTOMER_NO, CUSTOMER_TYPE, CUSTOMER_NAME1, SHORT_NAME, FULL_NAME, NATIONALITY, COUNTRY, LOCAL_BRANCH, FROZEN, DECEASED, RECORD_STAT, AUTH_STAT, CIF_CREATION_DATE)
VALUES ('100006', 'I', 'Ngozi Okafor', 'OKAFOR', 'Ngozi Blessing Okafor', 'NG', 'NG', '003', 'N', 'N', 'O', 'A', DATE '2021-07-30');

INSERT INTO abfcubslive.STZM_CUSTOMER (CUSTOMER_NO, CUSTOMER_TYPE, CUSTOMER_NAME1, SHORT_NAME, FULL_NAME, NATIONALITY, COUNTRY, LOCAL_BRANCH, FROZEN, DECEASED, RECORD_STAT, AUTH_STAT, CIF_CREATION_DATE)
VALUES ('100007', 'I', 'Tunde Bakare', 'BAKARE', 'Tunde Olalekan Bakare', 'NG', 'NG', '001', 'N', 'N', 'O', 'A', DATE '2023-02-14');

INSERT INTO abfcubslive.STZM_CUSTOMER (CUSTOMER_NO, CUSTOMER_TYPE, CUSTOMER_NAME1, SHORT_NAME, FULL_NAME, NATIONALITY, COUNTRY, LOCAL_BRANCH, FROZEN, DECEASED, RECORD_STAT, AUTH_STAT, CIF_CREATION_DATE)
VALUES ('100008', 'I', 'Amina Yusuf', 'YUSUF', 'Amina Hadiza Yusuf', 'NG', 'NG', '002', 'N', 'N', 'O', 'A', DATE '2019-12-01');

INSERT INTO abfcubslive.STZM_CUSTOMER (CUSTOMER_NO, CUSTOMER_TYPE, CUSTOMER_NAME1, SHORT_NAME, FULL_NAME, NATIONALITY, COUNTRY, LOCAL_BRANCH, FROZEN, DECEASED, RECORD_STAT, AUTH_STAT, CIF_CREATION_DATE)
VALUES ('100009', 'I', 'Olumide Adeyemi', 'ADEYEMI', 'Olumide Kunle Adeyemi', 'NG', 'NG', '003', 'N', 'N', 'O', 'A', DATE '2022-09-15');

INSERT INTO abfcubslive.STZM_CUSTOMER (CUSTOMER_NO, CUSTOMER_TYPE, CUSTOMER_NAME1, SHORT_NAME, FULL_NAME, NATIONALITY, COUNTRY, LOCAL_BRANCH, FROZEN, DECEASED, RECORD_STAT, AUTH_STAT, CIF_CREATION_DATE)
VALUES ('100010', 'I', 'Blessing Eze', 'EZE', 'Blessing Chidinma Eze', 'NG', 'NG', '001', 'N', 'N', 'O', 'A', DATE '2023-06-20');

-- STZM_CUST_ACCOUNT (10 Savings Accounts)
INSERT INTO abfcubslive.STZM_CUST_ACCOUNT (BRANCH_CODE, CUST_AC_NO, AC_DESC, CUST_NO, CCY, ACCOUNT_CLASS, RECORD_STAT, AUTH_STAT, AC_OPEN_DATE, ACY_CURR_BALANCE)
VALUES ('001', '0011234501', 'Adebayo Ogunlesi Savings', '100001', 'NGN', '010003', 'O', 'A', DATE '2020-01-15', 2500000);

INSERT INTO abfcubslive.STZM_CUST_ACCOUNT (BRANCH_CODE, CUST_AC_NO, AC_DESC, CUST_NO, CCY, ACCOUNT_CLASS, RECORD_STAT, AUTH_STAT, AC_OPEN_DATE, ACY_CURR_BALANCE)
VALUES ('002', '0021234502', 'Chioma Nwosu Savings', '100002', 'NGN', '010003', 'O', 'A', DATE '2021-03-22', 875000);

INSERT INTO abfcubslive.STZM_CUST_ACCOUNT (BRANCH_CODE, CUST_AC_NO, AC_DESC, CUST_NO, CCY, ACCOUNT_CLASS, RECORD_STAT, AUTH_STAT, AC_OPEN_DATE, ACY_CURR_BALANCE)
VALUES ('003', '0031234503', 'Emeka Obiora Savings', '100003', 'NGN', '010003', 'O', 'A', DATE '2019-08-10', 4200000);

INSERT INTO abfcubslive.STZM_CUST_ACCOUNT (BRANCH_CODE, CUST_AC_NO, AC_DESC, CUST_NO, CCY, ACCOUNT_CLASS, RECORD_STAT, AUTH_STAT, AC_OPEN_DATE, ACY_CURR_BALANCE)
VALUES ('001', '0011234504', 'Funke Akindele Savings', '100004', 'NGN', '010003', 'O', 'A', DATE '2022-01-05', 150000);

INSERT INTO abfcubslive.STZM_CUST_ACCOUNT (BRANCH_CODE, CUST_AC_NO, AC_DESC, CUST_NO, CCY, ACCOUNT_CLASS, RECORD_STAT, AUTH_STAT, AC_OPEN_DATE, ACY_CURR_BALANCE)
VALUES ('002', '0021234505', 'Ibrahim Musa Savings', '100005', 'NGN', '010003', 'O', 'A', DATE '2020-11-18', 3100000);

INSERT INTO abfcubslive.STZM_CUST_ACCOUNT (BRANCH_CODE, CUST_AC_NO, AC_DESC, CUST_NO, CCY, ACCOUNT_CLASS, RECORD_STAT, AUTH_STAT, AC_OPEN_DATE, ACY_CURR_BALANCE)
VALUES ('003', '0031234506', 'Ngozi Okafor Savings', '100006', 'NGN', '010003', 'O', 'A', DATE '2021-07-30', 520000);

INSERT INTO abfcubslive.STZM_CUST_ACCOUNT (BRANCH_CODE, CUST_AC_NO, AC_DESC, CUST_NO, CCY, ACCOUNT_CLASS, RECORD_STAT, AUTH_STAT, AC_OPEN_DATE, ACY_CURR_BALANCE)
VALUES ('001', '0011234507', 'Tunde Bakare Savings', '100007', 'NGN', '010003', 'O', 'A', DATE '2023-02-14', 1800000);

INSERT INTO abfcubslive.STZM_CUST_ACCOUNT (BRANCH_CODE, CUST_AC_NO, AC_DESC, CUST_NO, CCY, ACCOUNT_CLASS, RECORD_STAT, AUTH_STAT, AC_OPEN_DATE, ACY_CURR_BALANCE)
VALUES ('002', '0021234508', 'Amina Yusuf Savings', '100008', 'NGN', '010003', 'O', 'A', DATE '2019-12-01', 6750000);

INSERT INTO abfcubslive.STZM_CUST_ACCOUNT (BRANCH_CODE, CUST_AC_NO, AC_DESC, CUST_NO, CCY, ACCOUNT_CLASS, RECORD_STAT, AUTH_STAT, AC_OPEN_DATE, ACY_CURR_BALANCE)
VALUES ('003', '0031234509', 'Olumide Adeyemi Savings', '100009', 'NGN', '010003', 'O', 'A', DATE '2022-09-15', 430000);

INSERT INTO abfcubslive.STZM_CUST_ACCOUNT (BRANCH_CODE, CUST_AC_NO, AC_DESC, CUST_NO, CCY, ACCOUNT_CLASS, RECORD_STAT, AUTH_STAT, AC_OPEN_DATE, ACY_CURR_BALANCE)
VALUES ('001', '0011234510', 'Blessing Eze Savings', '100010', 'NGN', '010003', 'O', 'A', DATE '2023-06-20', 290000);


-- ACZB_HISTORY — Customer 1: Adebayo Ogunlesi (0011234501)
-- Txn 1: Cash deposit
INSERT INTO abfcubslive.ACZB_HISTORY (AC_ENTRY_SR_NO, AC_NO, TRN_REF_NO, AC_CCY, DRCR_IND, TRN_CODE, FCY_AMOUNT, LCY_AMOUNT, TRN_DT, VALUE_DT, STMT_DT, MODULE, EVENT, EVENT_SR_NO, AC_BRANCH, PRODUCT, AUTH_TIMESTAMP) 
VALUES (300000000001, '0011234501', 'FT26032900001', 'NGN', 'C', '001', 500000, 500000, DATE '2026-03-29', DATE '2026-03-29', DATE '2026-03-29', 'AC', 'INIT', 1, '001', NULL, TIMESTAMP '2026-03-29 09:15:00');

-- Txn 2: NIP outgoing transfer to Zenith
INSERT INTO abfcubslive.ACZB_HISTORY (AC_ENTRY_SR_NO, AC_NO, TRN_REF_NO, AC_CCY, DRCR_IND, TRN_CODE, FCY_AMOUNT, LCY_AMOUNT, TRN_DT, VALUE_DT, STMT_DT, MODULE, EVENT, EVENT_SR_NO, AC_BRANCH, PRODUCT, EXTERNAL_REF_NO, RELATED_ACCOUNT, AUTH_TIMESTAMP)
VALUES (300000000002, '0011234501', 'FT26033000001', 'NGN', 'D', '960', 75000, 75000, DATE '2026-03-30', DATE '2026-03-30', DATE '2026-03-30', 'RT', 'INIT', 1, '001', 'RTFT', 'NIP-260330-C1-001', '2012345678', TIMESTAMP '2026-03-30 10:22:00');

-- Txn 3: NIP incoming from GTBank
INSERT INTO abfcubslive.ACZB_HISTORY (AC_ENTRY_SR_NO, AC_NO, TRN_REF_NO, AC_CCY, DRCR_IND, TRN_CODE, FCY_AMOUNT, LCY_AMOUNT, TRN_DT, VALUE_DT, STMT_DT, MODULE, EVENT, EVENT_SR_NO, AC_BRANCH, PRODUCT, EXTERNAL_REF_NO, AUTH_TIMESTAMP)
VALUES (300000000003, '0011234501', 'FT26033100001', 'NGN', 'C', '009', 250000, 250000, DATE '2026-03-31', DATE '2026-03-31', DATE '2026-03-31', 'RT', 'INIT', 1, '001', 'RTIN', 'NIP-260331-C1-002', TIMESTAMP '2026-03-31 14:05:00');

-- Txn 4: ATM withdrawal
INSERT INTO abfcubslive.ACZB_HISTORY (AC_ENTRY_SR_NO, AC_NO, TRN_REF_NO, AC_CCY, DRCR_IND, TRN_CODE, FCY_AMOUNT, LCY_AMOUNT, TRN_DT, VALUE_DT, STMT_DT, MODULE, EVENT, EVENT_SR_NO, AC_BRANCH, PRODUCT, AUTH_TIMESTAMP)
VALUES (300000000004, '0011234501', 'FT26040100001', 'NGN', 'D', '900', 20000, 20000, DATE '2026-04-01', DATE '2026-04-01', DATE '2026-04-01', 'AC', 'INIT', 1, '001', NULL, TIMESTAMP '2026-04-01 16:30:00');

-- Txn 5: Intrabank transfer to Chioma
INSERT INTO abfcubslive.ACZB_HISTORY (AC_ENTRY_SR_NO, AC_NO, TRN_REF_NO, AC_CCY, DRCR_IND, TRN_CODE, FCY_AMOUNT, LCY_AMOUNT, TRN_DT, VALUE_DT, STMT_DT, MODULE, EVENT, EVENT_SR_NO, AC_BRANCH, PRODUCT, RELATED_ACCOUNT, EXTERNAL_REF_NO, AUTH_TIMESTAMP)
VALUES (300000000005, '0011234501', 'FT26040200001', 'NGN', 'D', '100', 30000, 30000, DATE '2026-04-02', DATE '2026-04-02', DATE '2026-04-02', 'RT', 'INIT', 1, '001', 'RTIB', '0021234502', 'MSG-260402-C1-001', TIMESTAMP '2026-04-02 11:45:00');

-- Txn 6: POS purchase
INSERT INTO abfcubslive.ACZB_HISTORY (AC_ENTRY_SR_NO, AC_NO, TRN_REF_NO, AC_CCY, DRCR_IND, TRN_CODE, FCY_AMOUNT, LCY_AMOUNT, TRN_DT, VALUE_DT, STMT_DT, MODULE, EVENT, EVENT_SR_NO, AC_BRANCH, PRODUCT, AUTH_TIMESTAMP)
VALUES (300000000006, '0011234501', 'FT26040300001', 'NGN', 'D', '910', 15500, 15500, DATE '2026-04-03', DATE '2026-04-03', DATE '2026-04-03', 'AC', 'INIT', 1, '001', NULL, TIMESTAMP '2026-04-03 13:10:00');

-- Txn 7: Salary credit
INSERT INTO abfcubslive.ACZB_HISTORY (AC_ENTRY_SR_NO, AC_NO, TRN_REF_NO, AC_CCY, DRCR_IND, TRN_CODE, FCY_AMOUNT, LCY_AMOUNT, TRN_DT, VALUE_DT, STMT_DT, MODULE, EVENT, EVENT_SR_NO, AC_BRANCH, PRODUCT, AUTH_TIMESTAMP)
VALUES (300000000007, '0011234501', 'FT26040700001', 'NGN', 'C', '970', 850000, 850000, DATE '2026-04-07', DATE '2026-04-07', DATE '2026-04-07', 'AC', 'INIT', 1, '001', NULL, TIMESTAMP '2026-04-07 08:00:00');

-- Txn 8: NIP outgoing to First Bank
INSERT INTO abfcubslive.ACZB_HISTORY (AC_ENTRY_SR_NO, AC_NO, TRN_REF_NO, AC_CCY, DRCR_IND, TRN_CODE, FCY_AMOUNT, LCY_AMOUNT, TRN_DT, VALUE_DT, STMT_DT, MODULE, EVENT, EVENT_SR_NO, AC_BRANCH, PRODUCT, EXTERNAL_REF_NO, RELATED_ACCOUNT, AUTH_TIMESTAMP)
VALUES (300000000008, '0011234501', 'FT26040800001', 'NGN', 'D', '960', 120000, 120000, DATE '2026-04-08', DATE '2026-04-08', DATE '2026-04-08', 'RT', 'INIT', 1, '001', 'RTFT', 'NIP-260408-C1-003', '3045678901', TIMESTAMP '2026-04-08 09:50:00');

-- Txn 9: Interest credit
INSERT INTO abfcubslive.ACZB_HISTORY (AC_ENTRY_SR_NO, AC_NO, TRN_REF_NO, AC_CCY, DRCR_IND, TRN_CODE, FCY_AMOUNT, LCY_AMOUNT, TRN_DT, VALUE_DT, STMT_DT, MODULE, EVENT, EVENT_SR_NO, AC_BRANCH, PRODUCT, AUTH_TIMESTAMP)
VALUES (300000000009, '0011234501', 'IC26041000001', 'NGN', 'C', '501', 3250, 3250, DATE '2026-04-10', DATE '2026-04-10', DATE '2026-04-10', 'IC', 'INIT', 1, '001', NULL, TIMESTAMP '2026-04-10 00:05:00');

-- Txn 10: Account maintenance fee
INSERT INTO abfcubslive.ACZB_HISTORY (AC_ENTRY_SR_NO, AC_NO, TRN_REF_NO, AC_CCY, DRCR_IND, TRN_CODE, FCY_AMOUNT, LCY_AMOUNT, TRN_DT, VALUE_DT, STMT_DT, MODULE, EVENT, EVENT_SR_NO, AC_BRANCH, PRODUCT, AUTH_TIMESTAMP)
VALUES (300000000010, '0011234501', 'CH26041000001', 'NGN', 'D', '560', 100, 100, DATE '2026-04-10', DATE '2026-04-10', DATE '2026-04-10', 'IC', 'INIT', 1, '001', NULL, TIMESTAMP '2026-04-10 00:05:01');

-- Txn 11: Web purchase
INSERT INTO abfcubslive.ACZB_HISTORY (AC_ENTRY_SR_NO, AC_NO, TRN_REF_NO, AC_CCY, DRCR_IND, TRN_CODE, FCY_AMOUNT, LCY_AMOUNT, TRN_DT, VALUE_DT, STMT_DT, MODULE, EVENT, EVENT_SR_NO, AC_BRANCH, PRODUCT, AUTH_TIMESTAMP)
VALUES (300000000011, '0011234501', 'FT26041200001', 'NGN', 'D', '920', 45000, 45000, DATE '2026-04-12', DATE '2026-04-12', DATE '2026-04-12', 'AC', 'INIT', 1, '001', NULL, TIMESTAMP '2026-04-12 20:15:00');

-- Txn 12: USSD transfer (intrabank)
INSERT INTO abfcubslive.ACZB_HISTORY (AC_ENTRY_SR_NO, AC_NO, TRN_REF_NO, AC_CCY, DRCR_IND, TRN_CODE, FCY_AMOUNT, LCY_AMOUNT, TRN_DT, VALUE_DT, STMT_DT, MODULE, EVENT, EVENT_SR_NO, AC_BRANCH, PRODUCT, RELATED_ACCOUNT, EXTERNAL_REF_NO, AUTH_TIMESTAMP)
VALUES (300000000012, '0011234501', 'FT26041500001', 'NGN', 'D', '950', 5000, 5000, DATE '2026-04-15', DATE '2026-04-15', DATE '2026-04-15', 'RT', 'INIT', 1, '001', 'RTUS', '0031234503', 'MSG-260415-C1-002', TIMESTAMP '2026-04-15 07:30:00');

-- Txn 13: NIP incoming from OPay
INSERT INTO abfcubslive.ACZB_HISTORY (AC_ENTRY_SR_NO, AC_NO, TRN_REF_NO, AC_CCY, DRCR_IND, TRN_CODE, FCY_AMOUNT, LCY_AMOUNT, TRN_DT, VALUE_DT, STMT_DT, MODULE, EVENT, EVENT_SR_NO, AC_BRANCH, PRODUCT, EXTERNAL_REF_NO, AUTH_TIMESTAMP)
VALUES (300000000013, '0011234501', 'FT26041700001', 'NGN', 'C', '009', 18000, 18000, DATE '2026-04-17', DATE '2026-04-17', DATE '2026-04-17', 'RT', 'INIT', 1, '001', 'RTIN', 'NIP-260417-C1-004', TIMESTAMP '2026-04-17 12:20:00');

-- Txn 14: NIP outgoing to UBA
INSERT INTO abfcubslive.ACZB_HISTORY (AC_ENTRY_SR_NO, AC_NO, TRN_REF_NO, AC_CCY, DRCR_IND, TRN_CODE, FCY_AMOUNT, LCY_AMOUNT, TRN_DT, VALUE_DT, STMT_DT, MODULE, EVENT, EVENT_SR_NO, AC_BRANCH, PRODUCT, EXTERNAL_REF_NO, RELATED_ACCOUNT, AUTH_TIMESTAMP)
VALUES (300000000014, '0011234501', 'FT26041900001', 'NGN', 'D', '960', 200000, 200000, DATE '2026-04-19', DATE '2026-04-19', DATE '2026-04-19', 'RT', 'INIT', 1, '001', 'RTFT', 'NIP-260419-C1-005', '2098765432', TIMESTAMP '2026-04-19 15:40:00');

-- Txn 15: Cash deposit
INSERT INTO abfcubslive.ACZB_HISTORY (AC_ENTRY_SR_NO, AC_NO, TRN_REF_NO, AC_CCY, DRCR_IND, TRN_CODE, FCY_AMOUNT, LCY_AMOUNT, TRN_DT, VALUE_DT, STMT_DT, MODULE, EVENT, EVENT_SR_NO, AC_BRANCH, PRODUCT, AUTH_TIMESTAMP)
VALUES (300000000015, '0011234501', 'FT26042100001', 'NGN', 'C', '001', 300000, 300000, DATE '2026-04-21', DATE '2026-04-21', DATE '2026-04-21', 'AC', 'INIT', 1, '001', NULL, TIMESTAMP '2026-04-21 10:00:00');

-- Txn 16: Mobile app transfer (intrabank)
INSERT INTO abfcubslive.ACZB_HISTORY (AC_ENTRY_SR_NO, AC_NO, TRN_REF_NO, AC_CCY, DRCR_IND, TRN_CODE, FCY_AMOUNT, LCY_AMOUNT, TRN_DT, VALUE_DT, STMT_DT, MODULE, EVENT, EVENT_SR_NO, AC_BRANCH, PRODUCT, RELATED_ACCOUNT, EXTERNAL_REF_NO, AUTH_TIMESTAMP)
VALUES (300000000016, '0011234501', 'FT26042200001', 'NGN', 'D', '960', 55000, 55000, DATE '2026-04-22', DATE '2026-04-22', DATE '2026-04-22', 'RT', 'INIT', 1, '001', 'RTMO', '0011234507', 'MSG-260422-C1-003', TIMESTAMP '2026-04-22 18:30:00');

-- Txn 17: Standing order
INSERT INTO abfcubslive.ACZB_HISTORY (AC_ENTRY_SR_NO, AC_NO, TRN_REF_NO, AC_CCY, DRCR_IND, TRN_CODE, FCY_AMOUNT, LCY_AMOUNT, TRN_DT, VALUE_DT, STMT_DT, MODULE, EVENT, EVENT_SR_NO, AC_BRANCH, PRODUCT, RELATED_ACCOUNT, AUTH_TIMESTAMP)
VALUES (300000000017, '0011234501', 'SI26042500001', 'NGN', 'D', '010', 25000, 25000, DATE '2026-04-25', DATE '2026-04-25', DATE '2026-04-25', 'SI', 'INIT', 1, '001', NULL, '0021234508', TIMESTAMP '2026-04-25 06:00:00');

-- Txn 18: ATM withdrawal
INSERT INTO abfcubslive.ACZB_HISTORY (AC_ENTRY_SR_NO, AC_NO, TRN_REF_NO, AC_CCY, DRCR_IND, TRN_CODE, FCY_AMOUNT, LCY_AMOUNT, TRN_DT, VALUE_DT, STMT_DT, MODULE, EVENT, EVENT_SR_NO, AC_BRANCH, PRODUCT, AUTH_TIMESTAMP)
VALUES (300000000018, '0011234501', 'FT26042600001', 'NGN', 'D', '900', 50000, 50000, DATE '2026-04-26', DATE '2026-04-26', DATE '2026-04-26', 'AC', 'INIT', 1, '001', NULL, TIMESTAMP '2026-04-26 14:15:00');

-- Txn 19: NIP outgoing to Kuda
INSERT INTO abfcubslive.ACZB_HISTORY (AC_ENTRY_SR_NO, AC_NO, TRN_REF_NO, AC_CCY, DRCR_IND, TRN_CODE, FCY_AMOUNT, LCY_AMOUNT, TRN_DT, VALUE_DT, STMT_DT, MODULE, EVENT, EVENT_SR_NO, AC_BRANCH, PRODUCT, EXTERNAL_REF_NO, RELATED_ACCOUNT, AUTH_TIMESTAMP)
VALUES (300000000019, '0011234501', 'FT26042800001', 'NGN', 'D', '960', 8500, 8500, DATE '2026-04-28', DATE '2026-04-28', DATE '2026-04-28', 'RT', 'INIT', 1, '001', 'RTFT', 'NIP-260428-C1-006', '8012345678', TIMESTAMP '2026-04-28 21:00:00');

-- Txn 20: Cheque deposit
INSERT INTO abfcubslive.ACZB_HISTORY (AC_ENTRY_SR_NO, AC_NO, TRN_REF_NO, AC_CCY, DRCR_IND, TRN_CODE, FCY_AMOUNT, LCY_AMOUNT, TRN_DT, VALUE_DT, STMT_DT, MODULE, EVENT, EVENT_SR_NO, AC_BRANCH, PRODUCT, AUTH_TIMESTAMP)
VALUES (300000000020, '0011234501', 'FT26042900001', 'NGN', 'C', '003', 1000000, 1000000, DATE '2026-04-29', DATE '2026-04-29', DATE '2026-04-29', 'AC', 'INIT', 1, '001', NULL, TIMESTAMP '2026-04-29 11:30:00');



-- ACZB_HISTORY — Customers 2-10 (shortened pattern, 20 each)

INSERT INTO abfcubslive.ACZB_HISTORY VALUES (300000000021, '0021234502', 'FT26032900002', 'NGN', 'C', '001', 200000, 200000, DATE '2026-03-29', DATE '2026-03-29', DATE '2026-03-29', 'AC', 'INIT', 1, '002', NULL, NULL, NULL, NULL, NULL, NULL, NULL, NULL, NULL, NULL, NULL, NULL, NULL, TIMESTAMP '2026-03-29 10:00:00');

-- NIP outgoing to Fidelity
INSERT INTO abfcubslive.ACZB_HISTORY (AC_ENTRY_SR_NO, AC_NO, TRN_REF_NO, AC_CCY, DRCR_IND, TRN_CODE, FCY_AMOUNT, LCY_AMOUNT, TRN_DT, VALUE_DT, STMT_DT, MODULE, EVENT, EVENT_SR_NO, AC_BRANCH, PRODUCT, EXTERNAL_REF_NO, RELATED_ACCOUNT, AUTH_TIMESTAMP)
VALUES (300000000022, '0021234502', 'FT26033000002', 'NGN', 'D', '960', 45000, 45000, DATE '2026-03-30', DATE '2026-03-30', DATE '2026-03-30', 'RT', 'INIT', 1, '002', 'RTFT', 'NIP-260330-C2-001', '5067891234', TIMESTAMP '2026-03-30 11:15:00');

-- NIP incoming from Stanbic
INSERT INTO abfcubslive.ACZB_HISTORY (AC_ENTRY_SR_NO, AC_NO, TRN_REF_NO, AC_CCY, DRCR_IND, TRN_CODE, FCY_AMOUNT, LCY_AMOUNT, TRN_DT, VALUE_DT, STMT_DT, MODULE, EVENT, EVENT_SR_NO, AC_BRANCH, PRODUCT, EXTERNAL_REF_NO, AUTH_TIMESTAMP)
VALUES (300000000023, '0021234502', 'FT26040100002', 'NGN', 'C', '009', 180000, 180000, DATE '2026-04-01', DATE '2026-04-01', DATE '2026-04-01', 'RT', 'INIT', 1, '002', 'RTIN', 'NIP-260401-C2-002', TIMESTAMP '2026-04-01 09:30:00');

INSERT INTO abfcubslive.ACZB_HISTORY (AC_ENTRY_SR_NO, AC_NO, TRN_REF_NO, AC_CCY, DRCR_IND, TRN_CODE, FCY_AMOUNT, LCY_AMOUNT, TRN_DT, VALUE_DT, STMT_DT, MODULE, EVENT, EVENT_SR_NO, AC_BRANCH, AUTH_TIMESTAMP)
VALUES (300000000024, '0021234502', 'FT26040200002', 'NGN', 'D', '900', 10000, 10000, DATE '2026-04-02', DATE '2026-04-02', DATE '2026-04-02', 'AC', 'INIT', 1, '002', TIMESTAMP '2026-04-02 17:45:00');

-- Intrabank from Adebayo (matching txn 5)
INSERT INTO abfcubslive.ACZB_HISTORY (AC_ENTRY_SR_NO, AC_NO, TRN_REF_NO, AC_CCY, DRCR_IND, TRN_CODE, FCY_AMOUNT, LCY_AMOUNT, TRN_DT, VALUE_DT, STMT_DT, MODULE, EVENT, EVENT_SR_NO, AC_BRANCH, PRODUCT, RELATED_ACCOUNT, EXTERNAL_REF_NO, AUTH_TIMESTAMP)
VALUES (300000000025, '0021234502', 'FT26040200001', 'NGN', 'C', '100', 30000, 30000, DATE '2026-04-02', DATE '2026-04-02', DATE '2026-04-02', 'RT', 'INIT', 1, '002', 'RTIB', '0011234501', 'MSG-260402-C1-001', TIMESTAMP '2026-04-02 11:45:00');

INSERT INTO abfcubslive.ACZB_HISTORY (AC_ENTRY_SR_NO, AC_NO, TRN_REF_NO, AC_CCY, DRCR_IND, TRN_CODE, FCY_AMOUNT, LCY_AMOUNT, TRN_DT, VALUE_DT, STMT_DT, MODULE, EVENT, EVENT_SR_NO, AC_BRANCH, AUTH_TIMESTAMP)
VALUES (300000000026, '0021234502', 'FT26040300002', 'NGN', 'D', '910', 8900, 8900, DATE '2026-04-03', DATE '2026-04-03', DATE '2026-04-03', 'AC', 'INIT', 1, '002', TIMESTAMP '2026-04-03 14:20:00');

INSERT INTO abfcubslive.ACZB_HISTORY (AC_ENTRY_SR_NO, AC_NO, TRN_REF_NO, AC_CCY, DRCR_IND, TRN_CODE, FCY_AMOUNT, LCY_AMOUNT, TRN_DT, VALUE_DT, STMT_DT, MODULE, EVENT, EVENT_SR_NO, AC_BRANCH, AUTH_TIMESTAMP)
VALUES (300000000027, '0021234502', 'FT26040700002', 'NGN', 'C', '970', 450000, 450000, DATE '2026-04-07', DATE '2026-04-07', DATE '2026-04-07', 'AC', 'INIT', 1, '002', TIMESTAMP '2026-04-07 08:00:00');

INSERT INTO abfcubslive.ACZB_HISTORY (AC_ENTRY_SR_NO, AC_NO, TRN_REF_NO, AC_CCY, DRCR_IND, TRN_CODE, FCY_AMOUNT, LCY_AMOUNT, TRN_DT, VALUE_DT, STMT_DT, MODULE, EVENT, EVENT_SR_NO, AC_BRANCH, PRODUCT, EXTERNAL_REF_NO, RELATED_ACCOUNT, AUTH_TIMESTAMP)
VALUES (300000000028, '0021234502', 'FT26040900002', 'NGN', 'D', '960', 60000, 60000, DATE '2026-04-09', DATE '2026-04-09', DATE '2026-04-09', 'RT', 'INIT', 1, '002', 'RTFT', 'NIP-260409-C2-003', '1098765432', TIMESTAMP '2026-04-09 16:10:00');

INSERT INTO abfcubslive.ACZB_HISTORY (AC_ENTRY_SR_NO, AC_NO, TRN_REF_NO, AC_CCY, DRCR_IND, TRN_CODE, FCY_AMOUNT, LCY_AMOUNT, TRN_DT, VALUE_DT, STMT_DT, MODULE, EVENT, EVENT_SR_NO, AC_BRANCH, AUTH_TIMESTAMP)
VALUES (300000000029, '0021234502', 'IC26041000002', 'NGN', 'C', '501', 1875, 1875, DATE '2026-04-10', DATE '2026-04-10', DATE '2026-04-10', 'IC', 'INIT', 1, '002', TIMESTAMP '2026-04-10 00:05:00');

INSERT INTO abfcubslive.ACZB_HISTORY (AC_ENTRY_SR_NO, AC_NO, TRN_REF_NO, AC_CCY, DRCR_IND, TRN_CODE, FCY_AMOUNT, LCY_AMOUNT, TRN_DT, VALUE_DT, STMT_DT, MODULE, EVENT, EVENT_SR_NO, AC_BRANCH, AUTH_TIMESTAMP)
VALUES (300000000030, '0021234502', 'CH26041000002', 'NGN', 'D', '560', 100, 100, DATE '2026-04-10', DATE '2026-04-10', DATE '2026-04-10', 'IC', 'INIT', 1, '002', TIMESTAMP '2026-04-10 00:05:01');

INSERT INTO abfcubslive.ACZB_HISTORY (AC_ENTRY_SR_NO, AC_NO, TRN_REF_NO, AC_CCY, DRCR_IND, TRN_CODE, FCY_AMOUNT, LCY_AMOUNT, TRN_DT, VALUE_DT, STMT_DT, MODULE, EVENT, EVENT_SR_NO, AC_BRANCH, AUTH_TIMESTAMP)
VALUES (300000000031, '0021234502', 'FT26041200002', 'NGN', 'D', '920', 22000, 22000, DATE '2026-04-12', DATE '2026-04-12', DATE '2026-04-12', 'AC', 'INIT', 1, '002', TIMESTAMP '2026-04-12 19:45:00');

INSERT INTO abfcubslive.ACZB_HISTORY (AC_ENTRY_SR_NO, AC_NO, TRN_REF_NO, AC_CCY, DRCR_IND, TRN_CODE, FCY_AMOUNT, LCY_AMOUNT, TRN_DT, VALUE_DT, STMT_DT, MODULE, EVENT, EVENT_SR_NO, AC_BRANCH, PRODUCT, RELATED_ACCOUNT, EXTERNAL_REF_NO, AUTH_TIMESTAMP)
VALUES (300000000032, '0021234502', 'FT26041500002', 'NGN', 'D', '950', 3000, 3000, DATE '2026-04-15', DATE '2026-04-15', DATE '2026-04-15', 'RT', 'INIT', 1, '002', 'RTUS', '0031234506', 'MSG-260415-C2-001', TIMESTAMP '2026-04-15 08:10:00');

INSERT INTO abfcubslive.ACZB_HISTORY (AC_ENTRY_SR_NO, AC_NO, TRN_REF_NO, AC_CCY, DRCR_IND, TRN_CODE, FCY_AMOUNT, LCY_AMOUNT, TRN_DT, VALUE_DT, STMT_DT, MODULE, EVENT, EVENT_SR_NO, AC_BRANCH, PRODUCT, EXTERNAL_REF_NO, AUTH_TIMESTAMP)
VALUES (300000000033, '0021234502', 'FT26041800002', 'NGN', 'C', '009', 95000, 95000, DATE '2026-04-18', DATE '2026-04-18', DATE '2026-04-18', 'RT', 'INIT', 1, '002', 'RTIN', 'NIP-260418-C2-004', TIMESTAMP '2026-04-18 13:00:00');

INSERT INTO abfcubslive.ACZB_HISTORY (AC_ENTRY_SR_NO, AC_NO, TRN_REF_NO, AC_CCY, DRCR_IND, TRN_CODE, FCY_AMOUNT, LCY_AMOUNT, TRN_DT, VALUE_DT, STMT_DT, MODULE, EVENT, EVENT_SR_NO, AC_BRANCH, AUTH_TIMESTAMP)
VALUES (300000000034, '0021234502', 'FT26042000002', 'NGN', 'C', '001', 150000, 150000, DATE '2026-04-20', DATE '2026-04-20', DATE '2026-04-20', 'AC', 'INIT', 1, '002', TIMESTAMP '2026-04-20 09:30:00');

INSERT INTO abfcubslive.ACZB_HISTORY (AC_ENTRY_SR_NO, AC_NO, TRN_REF_NO, AC_CCY, DRCR_IND, TRN_CODE, FCY_AMOUNT, LCY_AMOUNT, TRN_DT, VALUE_DT, STMT_DT, MODULE, EVENT, EVENT_SR_NO, AC_BRANCH, PRODUCT, EXTERNAL_REF_NO, RELATED_ACCOUNT, AUTH_TIMESTAMP)
VALUES (300000000035, '0021234502', 'FT26042300002', 'NGN', 'D', '960', 35000, 35000, DATE '2026-04-23', DATE '2026-04-23', DATE '2026-04-23', 'RT', 'INIT', 1, '002', 'RTFT', 'NIP-260423-C2-005', '4056789012', TIMESTAMP '2026-04-23 17:20:00');

INSERT INTO abfcubslive.ACZB_HISTORY (AC_ENTRY_SR_NO, AC_NO, TRN_REF_NO, AC_CCY, DRCR_IND, TRN_CODE, FCY_AMOUNT, LCY_AMOUNT, TRN_DT, VALUE_DT, STMT_DT, MODULE, EVENT, EVENT_SR_NO, AC_BRANCH, AUTH_TIMESTAMP)
VALUES (300000000036, '0021234502', 'FT26042600002', 'NGN', 'D', '900', 20000, 20000, DATE '2026-04-26', DATE '2026-04-26', DATE '2026-04-26', 'AC', 'INIT', 1, '002', TIMESTAMP '2026-04-26 12:00:00');

INSERT INTO abfcubslive.ACZB_HISTORY (AC_ENTRY_SR_NO, AC_NO, TRN_REF_NO, AC_CCY, DRCR_IND, TRN_CODE, FCY_AMOUNT, LCY_AMOUNT, TRN_DT, VALUE_DT, STMT_DT, MODULE, EVENT, EVENT_SR_NO, AC_BRANCH, PRODUCT, RELATED_ACCOUNT, EXTERNAL_REF_NO, AUTH_TIMESTAMP)
VALUES (300000000037, '0021234502', 'FT26042800002', 'NGN', 'D', '960', 12000, 12000, DATE '2026-04-28', DATE '2026-04-28', DATE '2026-04-28', 'RT', 'INIT', 1, '002', 'RTMO', '0011234504', 'MSG-260428-C2-002', TIMESTAMP '2026-04-28 19:00:00');

INSERT INTO abfcubslive.ACZB_HISTORY (AC_ENTRY_SR_NO, AC_NO, TRN_REF_NO, AC_CCY, DRCR_IND, TRN_CODE, FCY_AMOUNT, LCY_AMOUNT, TRN_DT, VALUE_DT, STMT_DT, MODULE, EVENT, EVENT_SR_NO, AC_BRANCH, AUTH_TIMESTAMP)
VALUES (300000000038, '0021234502', 'FT26042900002', 'NGN', 'C', '003', 500000, 500000, DATE '2026-04-29', DATE '2026-04-29', DATE '2026-04-29', 'AC', 'INIT', 1, '002', TIMESTAMP '2026-04-29 10:45:00');

INSERT INTO abfcubslive.ACZB_HISTORY (AC_ENTRY_SR_NO, AC_NO, TRN_REF_NO, AC_CCY, DRCR_IND, TRN_CODE, FCY_AMOUNT, LCY_AMOUNT, TRN_DT, VALUE_DT, STMT_DT, MODULE, EVENT, EVENT_SR_NO, AC_BRANCH, PRODUCT, EXTERNAL_REF_NO, RELATED_ACCOUNT, AUTH_TIMESTAMP)
VALUES (300000000039, '0021234502', 'FT26042900012', 'NGN', 'D', '960', 7500, 7500, DATE '2026-04-29', DATE '2026-04-29', DATE '2026-04-29', 'RT', 'INIT', 1, '002', 'RTFT', 'NIP-260429-C2-006', '9087654321', TIMESTAMP '2026-04-29 22:10:00');

INSERT INTO abfcubslive.ACZB_HISTORY (AC_ENTRY_SR_NO, AC_NO, TRN_REF_NO, AC_CCY, DRCR_IND, TRN_CODE, FCY_AMOUNT, LCY_AMOUNT, TRN_DT, VALUE_DT, STMT_DT, MODULE, EVENT, EVENT_SR_NO, AC_BRANCH, AUTH_TIMESTAMP)
VALUES (300000000040, '0021234502', 'FT26042900022', 'NGN', 'D', '910', 4200, 4200, DATE '2026-04-29', DATE '2026-04-29', DATE '2026-04-29', 'AC', 'INIT', 1, '002', TIMESTAMP '2026-04-29 23:50:00');


